placeDcid,placeName,Date:Median_Age_Person,Value:Median_Age_Person,Source:Median_Age_Person,Date:Median_Income_Person,Value:Median_Income_Person,Source:Median_Income_Person,Date:Count_Person,Value:Count_Person,Source:Count_Person,Date:Count_HousingUnit,Value:Count_HousingUnit,Source:Count_HousingUnit,Date:Monthly_Median_GrossRent_HousingUnit,Value:Monthly_Median_GrossRent_HousingUnit,Source:Monthly_Median_GrossRent_HousingUnit
zip/10001,10001,2017,35.3,https://www.census.gov/programs-surveys/acs/data/data-via-ftp.html,2017,60412,https://www.census.gov/programs-surveys/acs/data/data-via-ftp.html,2017,23947,https://www.census.gov/programs-surveys/acs/data/data-via-ftp.html,2017,13836,https://www.census.gov/programs-surveys/acs/data/data-via-ftp.html,,,
zip/10002,10002,2017,41.8,https://www.census.gov/programs-surveys/acs/data/data-via-ftp.html,2017,19311,https://www.census.gov/programs-surveys/acs/data/data-via-ftp.html,2017,77925,https://www.census.gov/programs-surveys/acs/data/data-via-ftp.html,2017,35803,https://www.census.gov/programs-surveys/acs/data/data-via-ftp.html,,,
zip/10003,10003,2017,32.6,https://www.census.gov/programs-surveys/acs/data/data-via-ftp.html,2017,65568,https://www.census.gov/programs-surveys/acs/data/data-via-ftp.html,2017,55035,https://www.census.gov/programs-surveys/acs/data/data-via-ftp.html,2017,31083,https://www.census.gov/programs-surveys/acs/data/data-via-ftp.html,,,
zip/10004,10004,2017,35.6,https://www.census.gov/programs-surveys/acs/data/data-via-ftp.html,2017,101932,https://www.census.gov/programs-surveys/acs/data/data-via-ftp.html,2017,2990,https://www.census.gov/programs-surveys/acs/data/data-via-ftp.html,2017,2044,https://www.census.gov/programs-surveys/acs/data/data-via-ftp.html,,,
zip/10005,10005,2017,30.2,https://www.census.gov/programs-surveys/acs/data/data-via-ftp.html,2017,86143,https://www.census.gov/programs-surveys/acs/data/data-via-ftp.html,2017,8680,https://www.census.gov/programs-surveys/acs/data/data-via-ftp.html,2017,5442,https://www.census.gov/programs-surveys/acs/data/data-via-ftp.html,,,
zip/10006,10006,2017,30.7,https://www.census.gov/programs-surveys/acs/data/data-via-ftp.html,2017,96144,https://www.census.gov/programs-surveys/acs/data/data-via-ftp.html,2017,3579,https://www.census.gov/programs-surveys/acs/data/data-via-ftp.html,2017,2167,https://www.census.gov/programs-surveys/acs/data/data-via-ftp.html,,,
zip/10007,10007,2017,35.4,https://www.census.gov/programs-surveys/acs/data/data-via-ftp.html,2017,124971,https://www.census.gov/programs-surveys/acs/data/data-via-ftp.html,2017,7036,https://www.census.gov/programs-surveys/acs/data/data-via-ftp.html,2017,3188,https://www.census.gov/programs-surveys/acs/data/data-via-ftp.html,,,
zip/10009,10009,2017,36.8,https://www.census.gov/programs-surveys/acs/data/data-via-ftp.html,2017,41203,https://www.census.gov/programs-surveys/acs/data/data-via-ftp.html,2017,60141,https://www.census.gov/programs-surveys/acs/data/data-via-ftp.html,2017,31256,https://www.census.gov/programs-surveys/acs/data/data-via-ftp.html,,,
zip/10010,10010,2017,34.6,https://www.census.gov/programs-surveys/acs/data/data-via-ftp.html,2017,74000,https://www.census.gov/programs-surveys/acs/data/data-via-ftp.html,2017,33119,https://www.census.gov/programs-surveys/acs/data/data-via-ftp.html,2017,17847,https://www.census.gov/programs-surveys/acs/data/data-via-ftp.html,,,
zip/10011,10011,2017,39.8,https://www.census.gov/programs-surveys/acs/data/data-via-ftp.html,2017,76883,https://www.census.gov/programs-surveys/acs/data/data-via-ftp.html,2017,50711,https://www.census.gov/programs-surveys/acs/data/data-via-ftp.html,2017,33543,https://www.census.gov/programs-surveys/acs/data/data-via-ftp.html,,,
zip/10012,10012,2017,34.5,https://www.census.gov/programs-surveys/acs/data/data-via-ftp.html,2017,71213,https://www.census.gov/programs-surveys/acs/data/data-via-ftp.html,2017,24527,https://www.census.gov/programs-surveys/acs/data/data-via-ftp.html,2017,14180,https://www.census.gov/programs-surveys/acs/data/data-via-ftp.html,,,
zip/10013,10013,2017,37.8,https://www.census.gov/programs-surveys/acs/data/data-via-ftp.html,2017,51907,https://www.census.gov/programs-surveys/acs/data/data-via-ftp.html,2017,29619,https://www.census.gov/programs-surveys/acs/data/data-via-ftp.html,2017,14178,https://www.census.gov/programs-surveys/acs/data/data-via-ftp.html,,,
zip/10014,10014,2017,36.8,https://www.census.gov/programs-surveys/acs/data/data-via-ftp.html,2017,86615,https://www.census.gov/programs-surveys/acs/data/data-via-ftp.html,2017,31794,https://www.census.gov/programs-surveys/acs/data/data-via-ftp.html,2017,21756,https://www.census.gov/programs-surveys/acs/data/data-via-ftp.html,,,
zip/10016,10016,2017,33.3,https://www.census.gov/programs-surveys/acs/data/data-via-ftp.html,2017,74746,https://www.census.gov/programs-surveys/acs/data/data-via-ftp.html,2017,51448,https://www.census.gov/programs-surveys/acs/data/data-via-ftp.html,2017,35421,https://www.census.gov/programs-surveys/acs/data/data-via-ftp.html,,,
zip/10017,10017,2017,39.9,https://www.census.gov/programs-surveys/acs/data/data-via-ftp.html,2017,78431,https://www.census.gov/programs-surveys/acs/data/data-via-ftp.html,2017,16388,https://www.census.gov/programs-surveys/acs/data/data-via-ftp.html,2017,12720,https://www.census.gov/programs-surveys/acs/data/data-via-ftp.html,,,
zip/10018,10018,2017,32,https://www.census.gov/programs-surveys/acs/data/data-via-ftp.html,2017,74073,https://www.census.gov/programs-surveys/acs/data/data-via-ftp.html,2017,9719,https://www.census.gov/programs-surveys/acs/data/data-via-ftp.html,2017,5859,https://www.census.gov/programs-surveys/acs/data/data-via-ftp.html,,,
zip/10019,10019,2017,39.6,https://www.census.gov/programs-surveys/acs/data/data-via-ftp.html,2017,65675,https://www.census.gov/programs-surveys/acs/data/data-via-ftp.html,2017,41592,https://www.census.gov/programs-surveys/acs/data/data-via-ftp.html,2017,32827,https://www.census.gov/programs-surveys/acs/data/data-via-ftp.html,,,
zip/10020,10020,,,,,,,2017,0,https://www.census.gov/programs-surveys/acs/data/data-via-ftp.html,2017,0,https://www.census.gov/programs-surveys/acs/data/data-via-ftp.html,,,
zip/10021,10021,2017,40.2,https://www.census.gov/programs-surveys/acs/data/data-via-ftp.html,2017,83497,https://www.census.gov/programs-surveys/acs/data/data-via-ftp.html,2017,44983,https://www.census.gov/programs-surveys/acs/data/data-via-ftp.html,2017,30615,https://www.census.gov/programs-surveys/acs/data/data-via-ftp.html,,,
zip/10022,10022,2017,47.7,https://www.census.gov/programs-surveys/acs/data/data-via-ftp.html,2017,93488,https://www.census.gov/programs-surveys/acs/data/data-via-ftp.html,2017,30807,https://www.census.gov/programs-surveys/acs/data/data-via-ftp.html,2017,23904,https://www.census.gov/programs-surveys/acs/data/data-via-ftp.html,,,
zip/10023,10023,2017,42.6,https://www.census.gov/programs-surveys/acs/data/data-via-ftp.html,2017,86868,https://www.census.gov/programs-surveys/acs/data/data-via-ftp.html,2017,61514,https://www.census.gov/programs-surveys/acs/data/data-via-ftp.html,2017,41182,https://www.census.gov/programs-surveys/acs/data/data-via-ftp.html,,,
zip/10024,10024,2017,43.1,https://www.census.gov/programs-surveys/acs/data/data-via-ftp.html,2017,69531,https://www.census.gov/programs-surveys/acs/data/data-via-ftp.html,2017,58512,https://www.census.gov/programs-surveys/acs/data/data-via-ftp.html,2017,33872,https://www.census.gov/programs-surveys/acs/data/data-via-ftp.html,,,
zip/10025,10025,2017,41.7,https://www.census.gov/programs-surveys/acs/data/data-via-ftp.html,2017,49309,https://www.census.gov/programs-surveys/acs/data/data-via-ftp.html,2017,94382,https://www.census.gov/programs-surveys/acs/data/data-via-ftp.html,2017,48734,https://www.census.gov/programs-surveys/acs/data/data-via-ftp.html,,,
zip/10026,10026,2017,34.4,https://www.census.gov/programs-surveys/acs/data/data-via-ftp.html,2017,33900,https://www.census.gov/programs-surveys/acs/data/data-via-ftp.html,2017,40105,https://www.census.gov/programs-surveys/acs/data/data-via-ftp.html,2017,17085,https://www.census.gov/programs-surveys/acs/data/data-via-ftp.html,,,
zip/10027,10027,2017,30.7,https://www.census.gov/programs-surveys/acs/data/data-via-ftp.html,2017,29004,https://www.census.gov/programs-surveys/acs/data/data-via-ftp.html,2017,65365,https://www.census.gov/programs-surveys/acs/data/data-via-ftp.html,2017,26298,https://www.census.gov/programs-surveys/acs/data/data-via-ftp.html,,,
zip/10028,10028,2017,38.8,https://www.census.gov/programs-surveys/acs/data/data-via-ftp.html,2017,76122,https://www.census.gov/programs-surveys/acs/data/data-via-ftp.html,2017,50091,https://www.census.gov/programs-surveys/acs/data/data-via-ftp.html,2017,29368,https://www.census.gov/programs-surveys/acs/data/data-via-ftp.html,,,
zip/10029,10029,2017,34,https://www.census.gov/programs-surveys/acs/data/data-via-ftp.html,2017,20224,https://www.census.gov/programs-surveys/acs/data/data-via-ftp.html,2017,80866,https://www.census.gov/programs-surveys/acs/data/data-via-ftp.html,2017,33769,https://www.census.gov/programs-surveys/acs/data/data-via-ftp.html,,,
zip/10030,10030,2017,34.7,https://www.census.gov/programs-surveys/acs/data/data-via-ftp.html,2017,21920,https://www.census.gov/programs-surveys/acs/data/data-via-ftp.html,2017,30163,https://www.census.gov/programs-surveys/acs/data/data-via-ftp.html,2017,13563,https://www.census.gov/programs-surveys/acs/data/data-via-ftp.html,,,
zip/10031,10031,2017,34.8,https://www.census.gov/programs-surveys/acs/data/data-via-ftp.html,2017,22129,https://www.census.gov/programs-surveys/acs/data/data-via-ftp.html,2017,62382,https://www.census.gov/programs-surveys/acs/data/data-via-ftp.html,2017,23957,https://www.census.gov/programs-surveys/acs/data/data-via-ftp.html,,,
zip/10032,10032,2017,34.6,https://www.census.gov/programs-surveys/acs/data/data-via-ftp.html,2017,20447,https://www.census.gov/programs-surveys/acs/data/data-via-ftp.html,2017,63185,https://www.census.gov/programs-surveys/acs/data/data-via-ftp.html,2017,22226,https://www.census.gov/programs-surveys/acs/data/data-via-ftp.html,,,
zip/10033,10033,2017,36,https://www.census.gov/programs-surveys/acs/data/data-via-ftp.html,2017,22900,https://www.census.gov/programs-surveys/acs/data/data-via-ftp.html,2017,60810,https://www.census.gov/programs-surveys/acs/data/data-via-ftp.html,2017,20654,https://www.census.gov/programs-surveys/acs/data/data-via-ftp.html,,,
zip/10034,10034,2017,36.4,https://www.census.gov/programs-surveys/acs/data/data-via-ftp.html,2017,22976,https://www.census.gov/programs-surveys/acs/data/data-via-ftp.html,2017,44186,https://www.census.gov/programs-surveys/acs/data/data-via-ftp.html,2017,16724,https://www.census.gov/programs-surveys/acs/data/data-via-ftp.html,,,
zip/10035,10035,2017,36.5,https://www.census.gov/programs-surveys/acs/data/data-via-ftp.html,2017,17113,https://www.census.gov/programs-surveys/acs/data/data-via-ftp.html,2017,35366,https://www.census.gov/programs-surveys/acs/data/data-via-ftp.html,2017,15233,https://www.census.gov/programs-surveys/acs/data/data-via-ftp.html,,,
zip/10036,10036,2017,37.1,https://www.census.gov/programs-surveys/acs/data/data-via-ftp.html,2017,57595,https://www.census.gov/programs-surveys/acs/data/data-via-ftp.html,2017,26868,https://www.census.gov/programs-surveys/acs/data/data-via-ftp.html,2017,19522,https://www.census.gov/programs-surveys/acs/data/data-via-ftp.html,,,
zip/10037,10037,2017,34.4,https://www.census.gov/programs-surveys/acs/data/data-via-ftp.html,2017,26686,https://www.census.gov/programs-surveys/acs/data/data-via-ftp.html,2017,21184,https://www.census.gov/programs-surveys/acs/data/data-via-ftp.html,2017,10534,https://www.census.gov/programs-surveys/acs/data/data-via-ftp.html,,,
zip/10038,10038,2017,35.6,https://www.census.gov/programs-surveys/acs/data/data-via-ftp.html,2017,50134,https://www.census.gov/programs-surveys/acs/data/data-via-ftp.html,2017,22457,https://www.census.gov/programs-surveys/acs/data/data-via-ftp.html,2017,11508,https://www.census.gov/programs-surveys/acs/data/data-via-ftp.html,,,
zip/10039,10039,2017,32.8,https://www.census.gov/programs-surveys/acs/data/data-via-ftp.html,2017,21126,https://www.census.gov/programs-surveys/acs/data/data-via-ftp.html,2017,27203,https://www.census.gov/programs-surveys/acs/data/data-via-ftp.html,2017,11827,https://www.census.gov/programs-surveys/acs/data/data-via-ftp.html,,,
zip/10040,10040,2017,36.6,https://www.census.gov/programs-surveys/acs/data/data-via-ftp.html,2017,21998,https://www.census.gov/programs-surveys/acs/data/data-via-ftp.html,2017,46003,https://www.census.gov/programs-surveys/acs/data/data-via-ftp.html,2017,17309,https://www.census.gov/programs-surveys/acs/data/data-via-ftp.html,,,
zip/10044,10044,2017,41.5,https://www.census.gov/programs-surveys/acs/data/data-via-ftp.html,2017,52426,https://www.census.gov/programs-surveys/acs/data/data-via-ftp.html,2017,11945,https://www.census.gov/programs-surveys/acs/data/data-via-ftp.html,2017,5429,https://www.census.gov/programs-surveys/acs/data/data-via-ftp.html,,,
zip/10065,10065,2017,40.3,https://www.census.gov/programs-surveys/acs/data/data-via-ftp.html,2017,82469,https://www.census.gov/programs-surveys/acs/data/data-via-ftp.html,2017,29565,https://www.census.gov/programs-surveys/acs/data/data-via-ftp.html,2017,21614,https://www.census.gov/programs-surveys/acs/data/data-via-ftp.html,,,
zip/10069,10069,2017,35.4,https://www.census.gov/programs-surveys/acs/data/data-via-ftp.html,2017,94753,https://www.census.gov/programs-surveys/acs/data/data-via-ftp.html,2017,5195,https://www.census.gov/programs-surveys/acs/data/data-via-ftp.html,2017,3625,https://www.census.gov/programs-surveys/acs/data/data-via-ftp.html,,,
zip/10075,10075,2017,42.6,https://www.census.gov/programs-surveys/acs/data/data-via-ftp.html,2017,68785,https://www.census.gov/programs-surveys/acs/data/data-via-ftp.html,2017,22818,https://www.census.gov/programs-surveys/acs/data/data-via-ftp.html,2017,12954,https://www.census.gov/programs-surveys/acs/data/data-via-ftp.html,,,
zip/10103,10103,,,,,,,2017,0,https://www.census.gov/programs-surveys/acs/data/data-via-ftp.html,2017,0,https://www.census.gov/programs-surveys/acs/data/data-via-ftp.html,,,
zip/10110,10110,,,,,,,2017,0,https://www.census.gov/programs-surveys/acs/data/data-via-ftp.html,2017,0,https://www.census.gov/programs-surveys/acs/data/data-via-ftp.html,,,
zip/10111,10111,,,,,,,2017,0,https://www.census.gov/programs-surveys/acs/data/data-via-ftp.html,2017,0,https://www.census.gov/programs-surveys/acs/data/data-via-ftp.html,,,
zip/10112,10112,,,,,,,2017,0,https://www.census.gov/programs-surveys/acs/data/data-via-ftp.html,2017,0,https://www.census.gov/programs-surveys/acs/data/data-via-ftp.html,,,
zip/10115,10115,,,,,,,2017,0,https://www.census.gov/programs-surveys/acs/data/data-via-ftp.html,2017,0,https://www.census.gov/programs-surveys/acs/data/data-via-ftp.html,,,
zip/10119,10119,,,,,,,2017,0,https://www.census.gov/programs-surveys/acs/data/data-via-ftp.html,2017,0,https://www.census.gov/programs-surveys/acs/data/data-via-ftp.html,,,
zip/10128,10128,2017,38.7,https://www.census.gov/programs-surveys/acs/data/data-via-ftp.html,2017,68683,https://www.census.gov/programs-surveys/acs/data/data-via-ftp.html,2017,62743,https://www.census.gov/programs-surveys/acs/data/data-via-ftp.html,2017,35160,https://www.census.gov/programs-surveys/acs/data/data-via-ftp.html,,,
zip/10152,10152,,,,,,,2017,0,https://www.census.gov/programs-surveys/acs/data/data-via-ftp.html,2017,0,https://www.census.gov/programs-surveys/acs/data/data-via-ftp.html,,,
zip/10153,10153,,,,,,,2017,0,https://www.census.gov/programs-surveys/acs/data/data-via-ftp.html,2017,0,https://www.census.gov/programs-surveys/acs/data/data-via-ftp.html,,,
zip/10154,10154,,,,,,,2017,0,https://www.census.gov/programs-surveys/acs/data/data-via-ftp.html,2017,0,https://www.census.gov/programs-surveys/acs/data/data-via-ftp.html,,,
zip/10162,10162,2017,43.6,https://www.census.gov/programs-surveys/acs/data/data-via-ftp.html,2017,92452,https://www.census.gov/programs-surveys/acs/data/data-via-ftp.html,2017,1324,https://www.census.gov/programs-surveys/acs/data/data-via-ftp.html,2017,709,https://www.census.gov/programs-surveys/acs/data/data-via-ftp.html,,,
zip/10165,10165,,,,,,,2017,0,https://www.census.gov/programs-surveys/acs/data/data-via-ftp.html,2017,0,https://www.census.gov/programs-surveys/acs/data/data-via-ftp.html,,,
zip/10167,10167,,,,,,,2017,0,https://www.census.gov/programs-surveys/acs/data/data-via-ftp.html,2017,0,https://www.census.gov/programs-surveys/acs/data/data-via-ftp.html,,,
zip/10168,10168,,,,,,,2017,0,https://www.census.gov/programs-surveys/acs/data/data-via-ftp.html,2017,0,https://www.census.gov/programs-surveys/acs/data/data-via-ftp.html,,,
zip/10169,10169,,,,,,,2017,0,https://www.census.gov/programs-surveys/acs/data/data-via-ftp.html,2017,0,https://www.census.gov/programs-surveys/acs/data/data-via-ftp.html,,,
zip/10170,10170,,,,,,,2017,0,https://www.census.gov/programs-surveys/acs/data/data-via-ftp.html,2017,0,https://www.census.gov/programs-surveys/acs/data/data-via-ftp.html,,,
zip/10171,10171,,,,,,,2017,0,https://www.census.gov/programs-surveys/acs/data/data-via-ftp.html,2017,0,https://www.census.gov/programs-surveys/acs/data/data-via-ftp.html,,,
zip/10172,10172,,,,,,,2017,0,https://www.census.gov/programs-surveys/acs/data/data-via-ftp.html,2017,0,https://www.census.gov/programs-surveys/acs/data/data-via-ftp.html,,,
zip/10173,10173,,,,,,,2017,0,https://www.census.gov/programs-surveys/acs/data/data-via-ftp.html,2017,0,https://www.census.gov/programs-surveys/acs/data/data-via-ftp.html,,,
zip/10174,10174,,,,,,,2017,0,https://www.census.gov/programs-surveys/acs/data/data-via-ftp.html,2017,0,https://www.census.gov/programs-surveys/acs/data/data-via-ftp.html,,,
zip/10177,10177,,,,,,,2017,0,https://www.census.gov/programs-surveys/acs/data/data-via-ftp.html,2017,0,https://www.census.gov/programs-surveys/acs/data/data-via-ftp.html,,,
zip/10199,10199,,,,,,,2017,0,https://www.census.gov/programs-surveys/acs/data/data-via-ftp.html,2017,0,https://www.census.gov/programs-surveys/acs/data/data-via-ftp.html,,,
zip/10271,10271,,,,,,,2017,0,https://www.census.gov/programs-surveys/acs/data/data-via-ftp.html,2017,0,https://www.census.gov/programs-surveys/acs/data/data-via-ftp.html,,,
zip/10278,10278,,,,,,,2017,0,https://www.census.gov/programs-surveys/acs/data/data-via-ftp.html,2017,0,https://www.census.gov/programs-surveys/acs/data/data-via-ftp.html,,,
zip/10279,10279,,,,,,,2017,0,https://www.census.gov/programs-surveys/acs/data/data-via-ftp.html,2017,0,https://www.census.gov/programs-surveys/acs/data/data-via-ftp.html,,,
zip/10280,10280,2017,38.2,https://www.census.gov/programs-surveys/acs/data/data-via-ftp.html,2017,101336,https://www.census.gov/programs-surveys/acs/data/data-via-ftp.html,2017,9820,https://www.census.gov/programs-surveys/acs/data/data-via-ftp.html,2017,5347,https://www.census.gov/programs-surveys/acs/data/data-via-ftp.html,,,
zip/10282,10282,2017,35.3,https://www.census.gov/programs-surveys/acs/data/data-via-ftp.html,2017,129028,https://www.census.gov/programs-surveys/acs/data/data-via-ftp.html,2017,5644,https://www.census.gov/programs-surveys/acs/data/data-via-ftp.html,2017,2900,https://www.census.gov/programs-surveys/acs/data/data-via-ftp.html,,,
zip/10301,10301,2017,37.9,https://www.census.gov/programs-surveys/acs/data/data-via-ftp.html,2017,30793,https://www.census.gov/programs-surveys/acs/data/data-via-ftp.html,2017,39451,https://www.census.gov/programs-surveys/acs/data/data-via-ftp.html,2017,16293,https://www.census.gov/programs-surveys/acs/data/data-via-ftp.html,,,
zip/10302,10302,2017,33.6,https://www.census.gov/programs-surveys/acs/data/data-via-ftp.html,2017,31234,https://www.census.gov/programs-surveys/acs/data/data-via-ftp.html,2017,18539,https://www.census.gov/programs-surveys/acs/data/data-via-ftp.html,2017,6807,https://www.census.gov/programs-surveys/acs/data/data-via-ftp.html,,,
zip/10303,10303,2017,31.9,https://www.census.gov/programs-surveys/acs/data/data-via-ftp.html,2017,31727,https://www.census.gov/programs-surveys/acs/data/data-via-ftp.html,2017,25804,https://www.census.gov/programs-surveys/acs/data/data-via-ftp.html,2017,9240,https://www.census.gov/programs-surveys/acs/data/data-via-ftp.html,,,
zip/10304,10304,2017,38.3,https://www.census.gov/programs-surveys/acs/data/data-via-ftp.html,2017,28087,https://www.census.gov/programs-surveys/acs/data/data-via-ftp.html,2017,41884,https://www.census.gov/programs-surveys/acs/data/data-via-ftp.html,2017,16178,https://www.census.gov/programs-surveys/acs/data/data-via-ftp.html,,,
zip/10305,10305,2017,39.5,https://www.census.gov/programs-surveys/acs/data/data-via-ftp.html,2017,36027,https://www.census.gov/programs-surveys/acs/data/data-via-ftp.html,2017,42311,https://www.census.gov/programs-surveys/acs/data/data-via-ftp.html,2017,15903,https://www.census.gov/programs-surveys/acs/data/data-via-ftp.html,,,
zip/10306,10306,2017,42.9,https://www.census.gov/programs-surveys/acs/data/data-via-ftp.html,2017,37370,https://www.census.gov/programs-surveys/acs/data/data-via-ftp.html,2017,54021,https://www.census.gov/programs-surveys/acs/data/data-via-ftp.html,2017,21566,https://www.census.gov/programs-surveys/acs/data/data-via-ftp.html,,,
zip/10307,10307,2017,37.8,https://www.census.gov/programs-surveys/acs/data/data-via-ftp.html,2017,46124,https://www.census.gov/programs-surveys/acs/data/data-via-ftp.html,2017,15528,https://www.census.gov/programs-surveys/acs/data/data-via-ftp.html,2017,5421,https://www.census.gov/programs-surveys/acs/data/data-via-ftp.html,,,
zip/10308,10308,2017,43,https://www.census.gov/programs-surveys/acs/data/data-via-ftp.html,2017,42256,https://www.census.gov/programs-surveys/acs/data/data-via-ftp.html,2017,30024,https://www.census.gov/programs-surveys/acs/data/data-via-ftp.html,2017,11247,https://www.census.gov/programs-surveys/acs/data/data-via-ftp.html,,,
zip/10309,10309,2017,40.4,https://www.census.gov/programs-surveys/acs/data/data-via-ftp.html,2017,44557,https://www.census.gov/programs-surveys/acs/data/data-via-ftp.html,2017,33660,https://www.census.gov/programs-surveys/acs/data/data-via-ftp.html,2017,11882,https://www.census.gov/programs-surveys/acs/data/data-via-ftp.html,,,
zip/10310,10310,2017,36.5,https://www.census.gov/programs-surveys/acs/data/data-via-ftp.html,2017,35920,https://www.census.gov/programs-surveys/acs/data/data-via-ftp.html,2017,23708,https://www.census.gov/programs-surveys/acs/data/data-via-ftp.html,2017,9311,https://www.census.gov/programs-surveys/acs/data/data-via-ftp.html,,,
zip/10311,10311,,,,,,,2017,0,https://www.census.gov/programs-surveys/acs/data/data-via-ftp.html,2017,0,https://www.census.gov/programs-surveys/acs/data/data-via-ftp.html,,,
zip/10312,10312,2017,42.1,https://www.census.gov/programs-surveys/acs/data/data-via-ftp.html,2017,40708,https://www.census.gov/programs-surveys/acs/data/data-via-ftp.html,2017,61058,https://www.census.gov/programs-surveys/acs/data/data-via-ftp.html,2017,22218,https://www.census.gov/programs-surveys/acs/data/data-via-ftp.html,,,
zip/10314,10314,2017,41.4,https://www.census.gov/programs-surveys/acs/data/data-via-ftp.html,2017,36662,https://www.census.gov/programs-surveys/acs/data/data-via-ftp.html,2017,89960,https://www.census.gov/programs-surveys/acs/data/data-via-ftp.html,2017,33113,https://www.census.gov/programs-surveys/acs/data/data-via-ftp.html,,,
zip/10451,10451,2017,33.3,https://www.census.gov/programs-surveys/acs/data/data-via-ftp.html,2017,17916,https://www.census.gov/programs-surveys/acs/data/data-via-ftp.html,2017,48240,https://www.census.gov/programs-surveys/acs/data/data-via-ftp.html,2017,19631,https://www.census.gov/programs-surveys/acs/data/data-via-ftp.html,,,
zip/10452,10452,2017,31.1,https://www.census.gov/programs-surveys/acs/data/data-via-ftp.html,2017,17014,https://www.census.gov/programs-surveys/acs/data/data-via-ftp.html,2017,77983,https://www.census.gov/programs-surveys/acs/data/data-via-ftp.html,2017,27018,https://www.census.gov/programs-surveys/acs/data/data-via-ftp.html,,,
zip/10453,10453,2017,30.1,https://www.census.gov/programs-surveys/acs/data/data-via-ftp.html,2017,15666,https://www.census.gov/programs-surveys/acs/data/data-via-ftp.html,2017,82232,https://www.census.gov/programs-surveys/acs/data/data-via-ftp.html,2017,28714,https://www.census.gov/programs-surveys/acs/data/data-via-ftp.html,,,
zip/10454,10454,2017,29.4,https://www.census.gov/programs-surveys/acs/data/data-via-ftp.html,2017,15470,https://www.census.gov/programs-surveys/acs/data/data-via-ftp.html,2017,38654,https://www.census.gov/programs-surveys/acs/data/data-via-ftp.html,2017,13988,https://www.census.gov/programs-surveys/acs/data/data-via-ftp.html,,,
zip/10455,10455,2017,31.1,https://www.census.gov/programs-surveys/acs/data/data-via-ftp.html,2017,16094,https://www.census.gov/programs-surveys/acs/data/data-via-ftp.html,2017,42558,https://www.census.gov/programs-surveys/acs/data/data-via-ftp.html,2017,14863,https://www.census.gov/programs-surveys/acs/data/data-via-ftp.html,,,
zip/10456,10456,2017,30.5,https://www.census.gov/programs-surveys/acs/data/data-via-ftp.html,2017,15900,https://www.census.gov/programs-surveys/acs/data/data-via-ftp.html,2017,94667,https://www.census.gov/programs-surveys/acs/data/data-via-ftp.html,2017,31829,https://www.census.gov/programs-surveys/acs/data/data-via-ftp.html,,,
zip/10457,10457,2017,29.4,https://www.census.gov/programs-surveys/acs/data/data-via-ftp.html,2017,16379,https://www.census.gov/programs-surveys/acs/data/data-via-ftp.html,2017,75668,https://www.census.gov/programs-surveys/acs/data/data-via-ftp.html,2017,25665,https://www.census.gov/programs-surveys/acs/data/data-via-ftp.html,,,
zip/10458,10458,2017,28.9,https://www.census.gov/programs-surveys/acs/data/data-via-ftp.html,2017,16830,https://www.census.gov/programs-surveys/acs/data/data-via-ftp.html,2017,85157,https://www.census.gov/programs-surveys/acs/data/data-via-ftp.html,2017,28886,https://www.census.gov/programs-surveys/acs/data/data-via-ftp.html,,,
zip/10459,10459,2017,30.9,https://www.census.gov/programs-surveys/acs/data/data-via-ftp.html,2017,16647,https://www.census.gov/programs-surveys/acs/data/data-via-ftp.html,2017,48895,https://www.census.gov/programs-surveys/acs/data/data-via-ftp.html,2017,17625,https://www.census.gov/programs-surveys/acs/data/data-via-ftp.html,,,
zip/10460,10460,2017,31.6,https://www.census.gov/programs-surveys/acs/data/data-via-ftp.html,2017,15296,https://www.census.gov/programs-surveys/acs/data/data-via-ftp.html,2017,60772,https://www.census.gov/programs-surveys/acs/data/data-via-ftp.html,2017,21364,https://www.census.gov/programs-surveys/acs/data/data-via-ftp.html,,,
zip/10461,10461,2017,38.2,https://www.census.gov/programs-surveys/acs/data/data-via-ftp.html,2017,29987,https://www.census.gov/programs-surveys/acs/data/data-via-ftp.html,2017,51021,https://www.census.gov/programs-surveys/acs/data/data-via-ftp.html,2017,20286,https://www.census.gov/programs-surveys/acs/data/data-via-ftp.html,,,
zip/10462,10462,2017,35.8,https://www.census.gov/programs-surveys/acs/data/data-via-ftp.html,2017,27706,https://www.census.gov/programs-surveys/acs/data/data-via-ftp.html,2017,79188,https://www.census.gov/programs-surveys/acs/data/data-via-ftp.html,2017,31105,https://www.census.gov/programs-surveys/acs/data/data-via-ftp.html,,,
zip/10463,10463,2017,38.8,https://www.census.gov/programs-surveys/acs/data/data-via-ftp.html,2017,30542,https://www.census.gov/programs-surveys/acs/data/data-via-ftp.html,2017,72863,https://www.census.gov/programs-surveys/acs/data/data-via-ftp.html,2017,30239,https://www.census.gov/programs-surveys/acs/data/data-via-ftp.html,,,
zip/10464,10464,2017,44.8,https://www.census.gov/programs-surveys/acs/data/data-via-ftp.html,2017,48221,https://www.census.gov/programs-surveys/acs/data/data-via-ftp.html,2017,4517,https://www.census.gov/programs-surveys/acs/data/data-via-ftp.html,2017,2142,https://www.census.gov/programs-surveys/acs/data/data-via-ftp.html,,,
zip/10465,10465,2017,41.7,https://www.census.gov/programs-surveys/acs/data/data-via-ftp.html,2017,35014,https://www.census.gov/programs-surveys/acs/data/data-via-ftp.html,2017,44269,https://www.census.gov/programs-surveys/acs/data/data-via-ftp.html,2017,16884,https://www.census.gov/programs-surveys/acs/data/data-via-ftp.html,,,
zip/10466,10466,2017,36.3,https://www.census.gov/programs-surveys/acs/data/data-via-ftp.html,2017,26314,https://www.census.gov/programs-surveys/acs/data/data-via-ftp.html,2017,73569,https://www.census.gov/programs-surveys/acs/data/data-via-ftp.html,2017,24926,https://www.census.gov/programs-surveys/acs/data/data-via-ftp.html,,,
zip/10467,10467,2017,33.9,https://www.census.gov/programs-surveys/acs/data/data-via-ftp.html,2017,20787,https://www.census.gov/programs-surveys/acs/data/data-via-ftp.html,2017,102718,https://www.census.gov/programs-surveys/acs/data/data-via-ftp.html,2017,38059,https://www.census.gov/programs-surveys/acs/data/data-via-ftp.html,,,
zip/10468,10468,2017,32,https://www.census.gov/programs-surveys/acs/data/data-via-ftp.html,2017,19243,https://www.census.gov/programs-surveys/acs/data/data-via-ftp.html,2017,77657,https://www.census.gov/programs-surveys/acs/data/data-via-ftp.html,2017,26969,https://www.census.gov/programs-surveys/acs/data/data-via-ftp.html,,,
zip/10469,10469,2017,39.3,https://www.census.gov/programs-surveys/acs/data/data-via-ftp.html,2017,28576,https://www.census.gov/programs-surveys/acs/data/data-via-ftp.html,2017,73008,https://www.census.gov/programs-surveys/acs/data/data-via-ftp.html,2017,23576,https://www.census.gov/programs-surveys/acs/data/data-via-ftp.html,,,
zip/10470,10470,2017,41.3,https://www.census.gov/programs-surveys/acs/data/data-via-ftp.html,2017,30503,https://www.census.gov/programs-surveys/acs/data/data-via-ftp.html,2017,14592,https://www.census.gov/programs-surveys/acs/data/data-via-ftp.html,2017,6355,https://www.census.gov/programs-surveys/acs/data/data-via-ftp.html,,,
zip/10471,10471,2017,42.9,https://www.census.gov/programs-surveys/acs/data/data-via-ftp.html,2017,41405,https://www.census.gov/programs-surveys/acs/data/data-via-ftp.html,2017,22040,https://www.census.gov/programs-surveys/acs/data/data-via-ftp.html,2017,9721,https://www.census.gov/programs-surveys/acs/data/data-via-ftp.html,,,
zip/10472,10472,2017,32.4,https://www.census.gov/programs-surveys/acs/data/data-via-ftp.html,2017,17137,https://www.census.gov/programs-surveys/acs/data/data-via-ftp.html,2017,68924,https://www.census.gov/programs-surveys/acs/data/data-via-ftp.html,2017,23328,https://www.census.gov/programs-surveys/acs/data/data-via-ftp.html,,,
zip/10473,10473,2017,35.5,https://www.census.gov/programs-surveys/acs/data/data-via-ftp.html,2017,21573,https://www.census.gov/programs-surveys/acs/data/data-via-ftp.html,2017,62531,https://www.census.gov/programs-surveys/acs/data/data-via-ftp.html,2017,21894,https://www.census.gov/programs-surveys/acs/data/data-via-ftp.html,,,
zip/10474,10474,2017,29.9,https://www.census.gov/programs-surveys/acs/data/data-via-ftp.html,2017,15367,https://www.census.gov/programs-surveys/acs/data/data-via-ftp.html,2017,12608,https://www.census.gov/programs-surveys/acs/data/data-via-ftp.html,2017,4105,https://www.census.gov/programs-surveys/acs/data/data-via-ftp.html,,,
zip/10475,10475,2017,45.6,https://www.census.gov/programs-surveys/acs/data/data-via-ftp.html,2017,30474,https://www.census.gov/programs-surveys/acs/data/data-via-ftp.html,2017,44241,https://www.census.gov/programs-surveys/acs/data/data-via-ftp.html,2017,19189,https://www.census.gov/programs-surveys/acs/data/data-via-ftp.html,,,
zip/11004,11004,2017,44.5,https://www.census.gov/programs-surveys/acs/data/data-via-ftp.html,2017,41636,https://www.census.gov/programs-surveys/acs/data/data-via-ftp.html,2017,15151,https://www.census.gov/programs-surveys/acs/data/data-via-ftp.html,2017,5223,https://www.census.gov/programs-surveys/acs/data/data-via-ftp.html,,,
zip/11005,11005,2017,83.1,https://www.census.gov/programs-surveys/acs/data/data-via-ftp.html,2017,33636,https://www.census.gov/programs-surveys/acs/data/data-via-ftp.html,2017,1762,https://www.census.gov/programs-surveys/acs/data/data-via-ftp.html,2017,1609,https://www.census.gov/programs-surveys/acs/data/data-via-ftp.html,,,
zip/11101,11101,2017,34.8,https://www.census.gov/programs-surveys/acs/data/data-via-ftp.html,2017,35593,https://www.census.gov/programs-surveys/acs/data/data-via-ftp.html,2017,28852,https://www.census.gov/programs-surveys/acs/data/data-via-ftp.html,2017,15249,https://www.census.gov/programs-surveys/acs/data/data-via-ftp.html,,,
zip/11102,11102,2017,33.3,https://www.census.gov/programs-surveys/acs/data/data-via-ftp.html,2017,33068,https://www.census.gov/programs-surveys/acs/data/data-via-ftp.html,2017,33727,https://www.census.gov/programs-surveys/acs/data/data-via-ftp.html,2017,15696,https://www.census.gov/programs-surveys/acs/data/data-via-ftp.html,,,
zip/11103,11103,2017,33.8,https://www.census.gov/programs-surveys/acs/data/data-via-ftp.html,2017,36870,https://www.census.gov/programs-surveys/acs/data/data-via-ftp.html,2017,38036,https://www.census.gov/programs-surveys/acs/data/data-via-ftp.html,2017,18102,https://www.census.gov/programs-surveys/acs/data/data-via-ftp.html,,,
zip/11104,11104,2017,38.6,https://www.census.gov/programs-surveys/acs/data/data-via-ftp.html,2017,36969,https://www.census.gov/programs-surveys/acs/data/data-via-ftp.html,2017,25725,https://www.census.gov/programs-surveys/acs/data/data-via-ftp.html,2017,12389,https://www.census.gov/programs-surveys/acs/data/data-via-ftp.html,,,
zip/11105,11105,2017,35.1,https://www.census.gov/programs-surveys/acs/data/data-via-ftp.html,2017,38189,https://www.census.gov/programs-surveys/acs/data/data-via-ftp.html,2017,37288,https://www.census.gov/programs-surveys/acs/data/data-via-ftp.html,2017,17039,https://www.census.gov/programs-surveys/acs/data/data-via-ftp.html,,,
zip/11106,11106,2017,35.6,https://www.census.gov/programs-surveys/acs/data/data-via-ftp.html,2017,34481,https://www.census.gov/programs-surveys/acs/data/data-via-ftp.html,2017,40111,https://www.census.gov/programs-surveys/acs/data/data-via-ftp.html,2017,18893,https://www.census.gov/programs-surveys/acs/data/data-via-ftp.html,,,
zip/11109,11109,2017,31.5,https://www.census.gov/programs-surveys/acs/data/data-via-ftp.html,2017,96642,https://www.census.gov/programs-surveys/acs/data/data-via-ftp.html,2017,5298,https://www.census.gov/programs-surveys/acs/data/data-via-ftp.html,2017,3745,https://www.census.gov/programs-surveys/acs/data/data-via-ftp.html,,,
zip/11201,11201,2017,35,https://www.census.gov/programs-surveys/acs/data/data-via-ftp.html,2017,66686,https://www.census.gov/programs-surveys/acs/data/data-via-ftp.html,2017,61907,https://www.census.gov/programs-surveys/acs/data/data-via-ftp.html,2017,29843,https://www.census.gov/programs-surveys/acs/data/data-via-ftp.html,,,
zip/11203,11203,2017,39.5,https://www.census.gov/programs-surveys/acs/data/data-via-ftp.html,2017,27633,https://www.census.gov/programs-surveys/acs/data/data-via-ftp.html,2017,75989,https://www.census.gov/programs-surveys/acs/data/data-via-ftp.html,2017,30501,https://www.census.gov/programs-surveys/acs/data/data-via-ftp.html,,,
zip/11204,11204,2017,34.4,https://www.census.gov/programs-surveys/acs/data/data-via-ftp.html,2017,21832,https://www.census.gov/programs-surveys/acs/data/data-via-ftp.html,2017,80056,https://www.census.gov/programs-surveys/acs/data/data-via-ftp.html,2017,26143,https://www.census.gov/programs-surveys/acs/data/data-via-ftp.html,,,
zip/11205,11205,2017,30,https://www.census.gov/programs-surveys/acs/data/data-via-ftp.html,2017,26572,https://www.census.gov/programs-surveys/acs/data/data-via-ftp.html,2017,45148,https://www.census.gov/programs-surveys/acs/data/data-via-ftp.html,2017,17217,https://www.census.gov/programs-surveys/acs/data/data-via-ftp.html,,,
zip/11206,11206,2017,29.2,https://www.census.gov/programs-surveys/acs/data/data-via-ftp.html,2017,20941,https://www.census.gov/programs-surveys/acs/data/data-via-ftp.html,2017,87767,https://www.census.gov/programs-surveys/acs/data/data-via-ftp.html,2017,32205,https://www.census.gov/programs-surveys/acs/data/data-via-ftp.html,,,
zip/11207,11207,2017,34,https://www.census.gov/programs-surveys/acs/data/data-via-ftp.html,2017,22054,https://www.census.gov/programs-surveys/acs/data/data-via-ftp.html,2017,92580,https://www.census.gov/programs-surveys/acs/data/data-via-ftp.html,2017,36481,https://www.census.gov/programs-surveys/acs/data/data-via-ftp.html,,,
zip/11208,11208,2017,32,https://www.census.gov/programs-surveys/acs/data/data-via-ftp.html,2017,25683,https://www.census.gov/programs-surveys/acs/data/data-via-ftp.html,2017,99145,https://www.census.gov/programs-surveys/acs/data/data-via-ftp.html,2017,36331,https://www.census.gov/programs-surveys/acs/data/data-via-ftp.html,,,
zip/11209,11209,2017,40.5,https://www.census.gov/programs-surveys/acs/data/data-via-ftp.html,2017,40659,https://www.census.gov/programs-surveys/acs/data/data-via-ftp.html,2017,67950,https://www.census.gov/programs-surveys/acs/data/data-via-ftp.html,2017,33086,https://www.census.gov/programs-surveys/acs/data/data-via-ftp.html,,,
zip/11210,11210,2017,35.1,https://www.census.gov/programs-surveys/acs/data/data-via-ftp.html,2017,32315,https://www.census.gov/programs-surveys/acs/data/data-via-ftp.html,2017,68988,https://www.census.gov/programs-surveys/acs/data/data-via-ftp.html,2017,24112,https://www.census.gov/programs-surveys/acs/data/data-via-ftp.html,,,
zip/11211,11211,2017,30.6,https://www.census.gov/programs-surveys/acs/data/data-via-ftp.html,2017,37255,https://www.census.gov/programs-surveys/acs/data/data-via-ftp.html,2017,101560,https://www.census.gov/programs-surveys/acs/data/data-via-ftp.html,2017,41188,https://www.census.gov/programs-surveys/acs/data/data-via-ftp.html,,,
zip/11212,11212,2017,35.1,https://www.census.gov/programs-surveys/acs/data/data-via-ftp.html,2017,17069,https://www.census.gov/programs-surveys/acs/data/data-via-ftp.html,2017,82831,https://www.census.gov/programs-surveys/acs/data/data-via-ftp.html,2017,34726,https://www.census.gov/programs-surveys/acs/data/data-via-ftp.html,,,
zip/11213,11213,2017,34,https://www.census.gov/programs-surveys/acs/data/data-via-ftp.html,2017,24813,https://www.census.gov/programs-surveys/acs/data/data-via-ftp.html,2017,66503,https://www.census.gov/programs-surveys/acs/data/data-via-ftp.html,2017,27172,https://www.census.gov/programs-surveys/acs/data/data-via-ftp.html,,,
zip/11214,11214,2017,39.5,https://www.census.gov/programs-surveys/acs/data/data-via-ftp.html,2017,24279,https://www.census.gov/programs-surveys/acs/data/data-via-ftp.html,2017,94283,https://www.census.gov/programs-surveys/acs/data/data-via-ftp.html,2017,33767,https://www.census.gov/programs-surveys/acs/data/data-via-ftp.html,,,
zip/11215,11215,2017,35.5,https://www.census.gov/programs-surveys/acs/data/data-via-ftp.html,2017,60261,https://www.census.gov/programs-surveys/acs/data/data-via-ftp.html,2017,71015,https://www.census.gov/programs-surveys/acs/data/data-via-ftp.html,2017,31062,https://www.census.gov/programs-surveys/acs/data/data-via-ftp.html,,,
zip/11216,11216,2017,34.2,https://www.census.gov/programs-surveys/acs/data/data-via-ftp.html,2017,32230,https://www.census.gov/programs-surveys/acs/data/data-via-ftp.html,2017,57410,https://www.census.gov/programs-surveys/acs/data/data-via-ftp.html,2017,27036,https://www.census.gov/programs-surveys/acs/data/data-via-ftp.html,,,
zip/11217,11217,2017,35.1,https://www.census.gov/programs-surveys/acs/data/data-via-ftp.html,2017,54269,https://www.census.gov/programs-surveys/acs/data/data-via-ftp.html,2017,39687,https://www.census.gov/programs-surveys/acs/data/data-via-ftp.html,2017,18500,https://www.census.gov/programs-surveys/acs/data/data-via-ftp.html,,,
zip/11218,11218,2017,33.4,https://www.census.gov/programs-surveys/acs/data/data-via-ftp.html,2017,30455,https://www.census.gov/programs-surveys/acs/data/data-via-ftp.html,2017,76960,https://www.census.gov/programs-surveys/acs/data/data-via-ftp.html,2017,26127,https://www.census.gov/programs-surveys/acs/data/data-via-ftp.html,,,
zip/11219,11219,2017,27.8,https://www.census.gov/programs-surveys/acs/data/data-via-ftp.html,2017,18516,https://www.census.gov/programs-surveys/acs/data/data-via-ftp.html,2017,93979,https://www.census.gov/programs-surveys/acs/data/data-via-ftp.html,2017,27560,https://www.census.gov/programs-surveys/acs/data/data-via-ftp.html,,,
zip/11220,11220,2017,33.7,https://www.census.gov/programs-surveys/acs/data/data-via-ftp.html,2017,19126,https://www.census.gov/programs-surveys/acs/data/data-via-ftp.html,2017,100412,https://www.census.gov/programs-surveys/acs/data/data-via-ftp.html,2017,30849,https://www.census.gov/programs-surveys/acs/data/data-via-ftp.html,,,
zip/11221,11221,2017,31.5,https://www.census.gov/programs-surveys/acs/data/data-via-ftp.html,2017,26279,https://www.census.gov/programs-surveys/acs/data/data-via-ftp.html,2017,84536,https://www.census.gov/programs-surveys/acs/data/data-via-ftp.html,2017,33855,https://www.census.gov/programs-surveys/acs/data/data-via-ftp.html,,,
zip/11222,11222,2017,35,https://www.census.gov/programs-surveys/acs/data/data-via-ftp.html,2017,46482,https://www.census.gov/programs-surveys/acs/data/data-via-ftp.html,2017,36845,https://www.census.gov/programs-surveys/acs/data/data-via-ftp.html,2017,18689,https://www.census.gov/programs-surveys/acs/data/data-via-ftp.html,,,
zip/11223,11223,2017,36.2,https://www.census.gov/programs-surveys/acs/data/data-via-ftp.html,2017,22848,https://www.census.gov/programs-surveys/acs/data/data-via-ftp.html,2017,80855,https://www.census.gov/programs-surveys/acs/data/data-via-ftp.html,2017,30075,https://www.census.gov/programs-surveys/acs/data/data-via-ftp.html,,,
zip/11224,11224,2017,45.8,https://www.census.gov/programs-surveys/acs/data/data-via-ftp.html,2017,16655,https://www.census.gov/programs-surveys/acs/data/data-via-ftp.html,2017,45244,https://www.census.gov/programs-surveys/acs/data/data-via-ftp.html,2017,20250,https://www.census.gov/programs-surveys/acs/data/data-via-ftp.html,,,
zip/11225,11225,2017,34.7,https://www.census.gov/programs-surveys/acs/data/data-via-ftp.html,2017,30514,https://www.census.gov/programs-surveys/acs/data/data-via-ftp.html,2017,59497,https://www.census.gov/programs-surveys/acs/data/data-via-ftp.html,2017,24966,https://www.census.gov/programs-surveys/acs/data/data-via-ftp.html,,,
zip/11226,11226,2017,34.1,https://www.census.gov/programs-surveys/acs/data/data-via-ftp.html,2017,27197,https://www.census.gov/programs-surveys/acs/data/data-via-ftp.html,2017,102585,https://www.census.gov/programs-surveys/acs/data/data-via-ftp.html,2017,40343,https://www.census.gov/programs-surveys/acs/data/data-via-ftp.html,,,
zip/11228,11228,2017,40.4,https://www.census.gov/programs-surveys/acs/data/data-via-ftp.html,2017,27946,https://www.census.gov/programs-surveys/acs/data/data-via-ftp.html,2017,44676,https://www.census.gov/programs-surveys/acs/data/data-via-ftp.html,2017,16224,https://www.census.gov/programs-surveys/acs/data/data-via-ftp.html,,,
zip/11229,11229,2017,40.5,https://www.census.gov/programs-surveys/acs/data/data-via-ftp.html,2017,30313,https://www.census.gov/programs-surveys/acs/data/data-via-ftp.html,2017,85776,https://www.census.gov/programs-surveys/acs/data/data-via-ftp.html,2017,33197,https://www.census.gov/programs-surveys/acs/data/data-via-ftp.html,,,
zip/11230,11230,2017,33.5,https://www.census.gov/programs-surveys/acs/data/data-via-ftp.html,2017,24032,https://www.census.gov/programs-surveys/acs/data/data-via-ftp.html,2017,90257,https://www.census.gov/programs-surveys/acs/data/data-via-ftp.html,2017,32557,https://www.census.gov/programs-surveys/acs/data/data-via-ftp.html,,,
zip/11231,11231,2017,36.2,https://www.census.gov/programs-surveys/acs/data/data-via-ftp.html,2017,51872,https://www.census.gov/programs-surveys/acs/data/data-via-ftp.html,2017,37680,https://www.census.gov/programs-surveys/acs/data/data-via-ftp.html,2017,16738,https://www.census.gov/programs-surveys/acs/data/data-via-ftp.html,,,
zip/11232,11232,2017,33.5,https://www.census.gov/programs-surveys/acs/data/data-via-ftp.html,2017,23530,https://www.census.gov/programs-surveys/acs/data/data-via-ftp.html,2017,28992,https://www.census.gov/programs-surveys/acs/data/data-via-ftp.html,2017,9278,https://www.census.gov/programs-surveys/acs/data/data-via-ftp.html,,,
zip/11233,11233,2017,33.2,https://www.census.gov/programs-surveys/acs/data/data-via-ftp.html,2017,26077,https://www.census.gov/programs-surveys/acs/data/data-via-ftp.html,2017,74982,https://www.census.gov/programs-surveys/acs/data/data-via-ftp.html,2017,31542,https://www.census.gov/programs-surveys/acs/data/data-via-ftp.html,,,
zip/11234,11234,2017,40.4,https://www.census.gov/programs-surveys/acs/data/data-via-ftp.html,2017,34760,https://www.census.gov/programs-surveys/acs/data/data-via-ftp.html,2017,97741,https://www.census.gov/programs-surveys/acs/data/data-via-ftp.html,2017,34111,https://www.census.gov/programs-surveys/acs/data/data-via-ftp.html,,,
zip/11235,11235,2017,44.3,https://www.census.gov/programs-surveys/acs/data/data-via-ftp.html,2017,26731,https://www.census.gov/programs-surveys/acs/data/data-via-ftp.html,2017,80222,https://www.census.gov/programs-surveys/acs/data/data-via-ftp.html,2017,35857,https://www.census.gov/programs-surveys/acs/data/data-via-ftp.html,,,
zip/11236,11236,2017,37.9,https://www.census.gov/programs-surveys/acs/data/data-via-ftp.html,2017,32161,https://www.census.gov/programs-surveys/acs/data/data-via-ftp.html,2017,100633,https://www.census.gov/programs-surveys/acs/data/data-via-ftp.html,2017,35249,https://www.census.gov/programs-surveys/acs/data/data-via-ftp.html,,,
zip/11237,11237,2017,30.3,https://www.census.gov/programs-surveys/acs/data/data-via-ftp.html,2017,25214,https://www.census.gov/programs-surveys/acs/data/data-via-ftp.html,2017,52319,https://www.census.gov/programs-surveys/acs/data/data-via-ftp.html,2017,17984,https://www.census.gov/programs-surveys/acs/data/data-via-ftp.html,,,
zip/11238,11238,2017,35.6,https://www.census.gov/programs-surveys/acs/data/data-via-ftp.html,2017,44793,https://www.census.gov/programs-surveys/acs/data/data-via-ftp.html,2017,55398,https://www.census.gov/programs-surveys/acs/data/data-via-ftp.html,2017,26760,https://www.census.gov/programs-surveys/acs/data/data-via-ftp.html,,,
zip/11239,11239,2017,47.7,https://www.census.gov/programs-surveys/acs/data/data-via-ftp.html,2017,16717,https://www.census.gov/programs-surveys/acs/data/data-via-ftp.html,2017,12713,https://www.census.gov/programs-surveys/acs/data/data-via-ftp.html,2017,6802,https://www.census.gov/programs-surveys/acs/data/data-via-ftp.html,,,
zip/11351,11351,,,,,,,2017,0,https://www.census.gov/programs-surveys/acs/data/data-via-ftp.html,2017,0,https://www.census.gov/programs-surveys/acs/data/data-via-ftp.html,,,
zip/11354,11354,2017,44.2,https://www.census.gov/programs-surveys/acs/data/data-via-ftp.html,2017,22272,https://www.census.gov/programs-surveys/acs/data/data-via-ftp.html,2017,57566,https://www.census.gov/programs-surveys/acs/data/data-via-ftp.html,2017,22580,https://www.census.gov/programs-surveys/acs/data/data-via-ftp.html,,,
zip/11355,11355,2017,42.3,https://www.census.gov/programs-surveys/acs/data/data-via-ftp.html,2017,20435,https://www.census.gov/programs-surveys/acs/data/data-via-ftp.html,2017,82890,https://www.census.gov/programs-surveys/acs/data/data-via-ftp.html,2017,30375,https://www.census.gov/programs-surveys/acs/data/data-via-ftp.html,,,
zip/11356,11356,2017,38,https://www.census.gov/programs-surveys/acs/data/data-via-ftp.html,2017,27231,https://www.census.gov/programs-surveys/acs/data/data-via-ftp.html,2017,24069,https://www.census.gov/programs-surveys/acs/data/data-via-ftp.html,2017,8250,https://www.census.gov/programs-surveys/acs/data/data-via-ftp.html,,,
zip/11357,11357,2017,44.8,https://www.census.gov/programs-surveys/acs/data/data-via-ftp.html,2017,35469,https://www.census.gov/programs-surveys/acs/data/data-via-ftp.html,2017,41393,https://www.census.gov/programs-surveys/acs/data/data-via-ftp.html,2017,16133,https://www.census.gov/programs-surveys/acs/data/data-via-ftp.html,,,
zip/11358,11358,2017,43.5,https://www.census.gov/programs-surveys/acs/data/data-via-ftp.html,2017,32065,https://www.census.gov/programs-surveys/acs/data/data-via-ftp.html,2017,36959,https://www.census.gov/programs-surveys/acs/data/data-via-ftp.html,2017,13885,https://www.census.gov/programs-surveys/acs/data/data-via-ftp.html,,,
zip/11359,11359,,,,,,,2017,0,https://www.census.gov/programs-surveys/acs/data/data-via-ftp.html,2017,0,https://www.census.gov/programs-surveys/acs/data/data-via-ftp.html,,,
zip/11360,11360,2017,48.4,https://www.census.gov/programs-surveys/acs/data/data-via-ftp.html,2017,47427,https://www.census.gov/programs-surveys/acs/data/data-via-ftp.html,2017,19501,https://www.census.gov/programs-surveys/acs/data/data-via-ftp.html,2017,9372,https://www.census.gov/programs-surveys/acs/data/data-via-ftp.html,,,
zip/11361,11361,2017,41.3,https://www.census.gov/programs-surveys/acs/data/data-via-ftp.html,2017,37697,https://www.census.gov/programs-surveys/acs/data/data-via-ftp.html,2017,29072,https://www.census.gov/programs-surveys/acs/data/data-via-ftp.html,2017,11233,https://www.census.gov/programs-surveys/acs/data/data-via-ftp.html,,,
zip/11362,11362,2017,48.9,https://www.census.gov/programs-surveys/acs/data/data-via-ftp.html,2017,41867,https://www.census.gov/programs-surveys/acs/data/data-via-ftp.html,2017,18443,https://www.census.gov/programs-surveys/acs/data/data-via-ftp.html,2017,7430,https://www.census.gov/programs-surveys/acs/data/data-via-ftp.html,,,
zip/11363,11363,2017,45.3,https://www.census.gov/programs-surveys/acs/data/data-via-ftp.html,2017,45052,https://www.census.gov/programs-surveys/acs/data/data-via-ftp.html,2017,7423,https://www.census.gov/programs-surveys/acs/data/data-via-ftp.html,2017,2757,https://www.census.gov/programs-surveys/acs/data/data-via-ftp.html,,,
zip/11364,11364,2017,44.7,https://www.census.gov/programs-surveys/acs/data/data-via-ftp.html,2017,37649,https://www.census.gov/programs-surveys/acs/data/data-via-ftp.html,2017,35885,https://www.census.gov/programs-surveys/acs/data/data-via-ftp.html,2017,14071,https://www.census.gov/programs-surveys/acs/data/data-via-ftp.html,,,
zip/11365,11365,2017,41.3,https://www.census.gov/programs-surveys/acs/data/data-via-ftp.html,2017,29962,https://www.census.gov/programs-surveys/acs/data/data-via-ftp.html,2017,45565,https://www.census.gov/programs-surveys/acs/data/data-via-ftp.html,2017,16321,https://www.census.gov/programs-surveys/acs/data/data-via-ftp.html,,,
zip/11366,11366,2017,40.5,https://www.census.gov/programs-surveys/acs/data/data-via-ftp.html,2017,29704,https://www.census.gov/programs-surveys/acs/data/data-via-ftp.html,2017,14308,https://www.census.gov/programs-surveys/acs/data/data-via-ftp.html,2017,4861,https://www.census.gov/programs-surveys/acs/data/data-via-ftp.html,,,
zip/11367,11367,2017,35,https://www.census.gov/programs-surveys/acs/data/data-via-ftp.html,2017,30174,https://www.census.gov/programs-surveys/acs/data/data-via-ftp.html,2017,43496,https://www.census.gov/programs-surveys/acs/data/data-via-ftp.html,2017,15817,https://www.census.gov/programs-surveys/acs/data/data-via-ftp.html,,,
zip/11368,11368,2017,32,https://www.census.gov/programs-surveys/acs/data/data-via-ftp.html,2017,21009,https://www.census.gov/programs-surveys/acs/data/data-via-ftp.html,2017,114647,https://www.census.gov/programs-surveys/acs/data/data-via-ftp.html,2017,30363,https://www.census.gov/programs-surveys/acs/data/data-via-ftp.html,,,
zip/11369,11369,2017,36.9,https://www.census.gov/programs-surveys/acs/data/data-via-ftp.html,2017,24311,https://www.census.gov/programs-surveys/acs/data/data-via-ftp.html,2017,37325,https://www.census.gov/programs-surveys/acs/data/data-via-ftp.html,2017,12813,https://www.census.gov/programs-surveys/acs/data/data-via-ftp.html,,,
zip/11370,11370,2017,37.3,https://www.census.gov/programs-surveys/acs/data/data-via-ftp.html,2017,27193,https://www.census.gov/programs-surveys/acs/data/data-via-ftp.html,2017,33789,https://www.census.gov/programs-surveys/acs/data/data-via-ftp.html,2017,10192,https://www.census.gov/programs-surveys/acs/data/data-via-ftp.html,,,
zip/11371,11371,,,,,,,2017,0,https://www.census.gov/programs-surveys/acs/data/data-via-ftp.html,2017,0,https://www.census.gov/programs-surveys/acs/data/data-via-ftp.html,,,
zip/11372,11372,2017,39.7,https://www.census.gov/programs-surveys/acs/data/data-via-ftp.html,2017,27714,https://www.census.gov/programs-surveys/acs/data/data-via-ftp.html,2017,64298,https://www.census.gov/programs-surveys/acs/data/data-via-ftp.html,2017,26224,https://www.census.gov/programs-surveys/acs/data/data-via-ftp.html,,,
zip/11373,11373,2017,38.6,https://www.census.gov/programs-surveys/acs/data/data-via-ftp.html,2017,23679,https://www.census.gov/programs-surveys/acs/data/data-via-ftp.html,2017,96353,https://www.census.gov/programs-surveys/acs/data/data-via-ftp.html,2017,33903,https://www.census.gov/programs-surveys/acs/data/data-via-ftp.html,,,
zip/11374,11374,2017,44,https://www.census.gov/programs-surveys/acs/data/data-via-ftp.html,2017,34918,https://www.census.gov/programs-surveys/acs/data/data-via-ftp.html,2017,43540,https://www.census.gov/programs-surveys/acs/data/data-via-ftp.html,2017,20911,https://www.census.gov/programs-surveys/acs/data/data-via-ftp.html,,,
zip/11375,11375,2017,41.9,https://www.census.gov/programs-surveys/acs/data/data-via-ftp.html,2017,47471,https://www.census.gov/programs-surveys/acs/data/data-via-ftp.html,2017,72937,https://www.census.gov/programs-surveys/acs/data/data-via-ftp.html,2017,35211,https://www.census.gov/programs-surveys/acs/data/data-via-ftp.html,,,
zip/11377,11377,2017,38.9,https://www.census.gov/programs-surveys/acs/data/data-via-ftp.html,2017,28908,https://www.census.gov/programs-surveys/acs/data/data-via-ftp.html,2017,89688,https://www.census.gov/programs-surveys/acs/data/data-via-ftp.html,2017,33979,https://www.census.gov/programs-surveys/acs/data/data-via-ftp.html,,,
zip/11378,11378,2017,38.4,https://www.census.gov/programs-surveys/acs/data/data-via-ftp.html,2017,33158,https://www.census.gov/programs-surveys/acs/data/data-via-ftp.html,2017,35844,https://www.census.gov/programs-surveys/acs/data/data-via-ftp.html,2017,13833,https://www.census.gov/programs-surveys/acs/data/data-via-ftp.html,,,
zip/11379,11379,2017,43.2,https://www.census.gov/programs-surveys/acs/data/data-via-ftp.html,2017,36795,https://www.census.gov/programs-surveys/acs/data/data-via-ftp.html,2017,37524,https://www.census.gov/programs-surveys/acs/data/data-via-ftp.html,2017,14690,https://www.census.gov/programs-surveys/acs/data/data-via-ftp.html,,,
zip/11385,11385,2017,35.4,https://www.census.gov/programs-surveys/acs/data/data-via-ftp.html,2017,31582,https://www.census.gov/programs-surveys/acs/data/data-via-ftp.html,2017,106598,https://www.census.gov/programs-surveys/acs/data/data-via-ftp.html,2017,38073,https://www.census.gov/programs-surveys/acs/data/data-via-ftp.html,,,
zip/11411,11411,2017,44.3,https://www.census.gov/programs-surveys/acs/data/data-via-ftp.html,2017,35971,https://www.census.gov/programs-surveys/acs/data/data-via-ftp.html,2017,19990,https://www.census.gov/programs-surveys/acs/data/data-via-ftp.html,2017,6288,https://www.census.gov/programs-surveys/acs/data/data-via-ftp.html,,,
zip/11412,11412,2017,39.5,https://www.census.gov/programs-surveys/acs/data/data-via-ftp.html,2017,31645,https://www.census.gov/programs-surveys/acs/data/data-via-ftp.html,2017,38833,https://www.census.gov/programs-surveys/acs/data/data-via-ftp.html,2017,11788,https://www.census.gov/programs-surveys/acs/data/data-via-ftp.html,,,
zip/11413,11413,2017,39.3,https://www.census.gov/programs-surveys/acs/data/data-via-ftp.html,2017,33540,https://www.census.gov/programs-surveys/acs/data/data-via-ftp.html,2017,42895,https://www.census.gov/programs-surveys/acs/data/data-via-ftp.html,2017,12866,https://www.census.gov/programs-surveys/acs/data/data-via-ftp.html,,,
zip/11414,11414,2017,45.2,https://www.census.gov/programs-surveys/acs/data/data-via-ftp.html,2017,34030,https://www.census.gov/programs-surveys/acs/data/data-via-ftp.html,2017,29203,https://www.census.gov/programs-surveys/acs/data/data-via-ftp.html,2017,11501,https://www.census.gov/programs-surveys/acs/data/data-via-ftp.html,,,
zip/11415,11415,2017,38.6,https://www.census.gov/programs-surveys/acs/data/data-via-ftp.html,2017,41065,https://www.census.gov/programs-surveys/acs/data/data-via-ftp.html,2017,19900,https://www.census.gov/programs-surveys/acs/data/data-via-ftp.html,2017,9503,https://www.census.gov/programs-surveys/acs/data/data-via-ftp.html,,,
zip/11416,11416,2017,35.3,https://www.census.gov/programs-surveys/acs/data/data-via-ftp.html,2017,25247,https://www.census.gov/programs-surveys/acs/data/data-via-ftp.html,2017,27567,https://www.census.gov/programs-surveys/acs/data/data-via-ftp.html,2017,7771,https://www.census.gov/programs-surveys/acs/data/data-via-ftp.html,,,
zip/11417,11417,2017,37.9,https://www.census.gov/programs-surveys/acs/data/data-via-ftp.html,2017,27776,https://www.census.gov/programs-surveys/acs/data/data-via-ftp.html,2017,32425,https://www.census.gov/programs-surveys/acs/data/data-via-ftp.html,2017,9827,https://www.census.gov/programs-surveys/acs/data/data-via-ftp.html,,,
zip/11418,11418,2017,34.3,https://www.census.gov/programs-surveys/acs/data/data-via-ftp.html,2017,27722,https://www.census.gov/programs-surveys/acs/data/data-via-ftp.html,2017,39267,https://www.census.gov/programs-surveys/acs/data/data-via-ftp.html,2017,11842,https://www.census.gov/programs-surveys/acs/data/data-via-ftp.html,,,
zip/11419,11419,2017,36.1,https://www.census.gov/programs-surveys/acs/data/data-via-ftp.html,2017,25179,https://www.census.gov/programs-surveys/acs/data/data-via-ftp.html,2017,52392,https://www.census.gov/programs-surveys/acs/data/data-via-ftp.html,2017,13512,https://www.census.gov/programs-surveys/acs/data/data-via-ftp.html,,,
zip/11420,11420,2017,38.1,https://www.census.gov/programs-surveys/acs/data/data-via-ftp.html,2017,25894,https://www.census.gov/programs-surveys/acs/data/data-via-ftp.html,2017,49396,https://www.census.gov/programs-surveys/acs/data/data-via-ftp.html,2017,14156,https://www.census.gov/programs-surveys/acs/data/data-via-ftp.html,,,
zip/11421,11421,2017,37.5,https://www.census.gov/programs-surveys/acs/data/data-via-ftp.html,2017,26511,https://www.census.gov/programs-surveys/acs/data/data-via-ftp.html,2017,43567,https://www.census.gov/programs-surveys/acs/data/data-via-ftp.html,2017,12907,https://www.census.gov/programs-surveys/acs/data/data-via-ftp.html,,,
zip/11422,11422,2017,37.4,https://www.census.gov/programs-surveys/acs/data/data-via-ftp.html,2017,35270,https://www.census.gov/programs-surveys/acs/data/data-via-ftp.html,2017,33479,https://www.census.gov/programs-surveys/acs/data/data-via-ftp.html,2017,10277,https://www.census.gov/programs-surveys/acs/data/data-via-ftp.html,,,
zip/11423,11423,2017,39.9,https://www.census.gov/programs-surveys/acs/data/data-via-ftp.html,2017,28783,https://www.census.gov/programs-surveys/acs/data/data-via-ftp.html,2017,32407,https://www.census.gov/programs-surveys/acs/data/data-via-ftp.html,2017,10362,https://www.census.gov/programs-surveys/acs/data/data-via-ftp.html,,,
zip/11424,11424,,,,,,,2017,0,https://www.census.gov/programs-surveys/acs/data/data-via-ftp.html,2017,0,https://www.census.gov/programs-surveys/acs/data/data-via-ftp.html,,,
zip/11425,11425,,,,,,,2017,0,https://www.census.gov/programs-surveys/acs/data/data-via-ftp.html,2017,0,https://www.census.gov/programs-surveys/acs/data/data-via-ftp.html,,,
zip/11426,11426,2017,38.4,https://www.census.gov/programs-surveys/acs/data/data-via-ftp.html,2017,37346,https://www.census.gov/programs-surveys/acs/data/data-via-ftp.html,2017,21166,https://www.census.gov/programs-surveys/acs/data/data-via-ftp.html,2017,6690,https://www.census.gov/programs-surveys/acs/data/data-via-ftp.html,,,
zip/11427,11427,2017,42.1,https://www.census.gov/programs-surveys/acs/data/data-via-ftp.html,2017,32361,https://www.census.gov/programs-surveys/acs/data/data-via-ftp.html,2017,23809,https://www.census.gov/programs-surveys/acs/data/data-via-ftp.html,2017,7970,https://www.census.gov/programs-surveys/acs/data/data-via-ftp.html,,,
zip/11428,11428,2017,40,https://www.census.gov/programs-surveys/acs/data/data-via-ftp.html,2017,31648,https://www.census.gov/programs-surveys/acs/data/data-via-ftp.html,2017,19859,https://www.census.gov/programs-surveys/acs/data/data-via-ftp.html,2017,6010,https://www.census.gov/programs-surveys/acs/data/data-via-ftp.html,,,
zip/11429,11429,2017,39.5,https://www.census.gov/programs-surveys/acs/data/data-via-ftp.html,2017,29651,https://www.census.gov/programs-surveys/acs/data/data-via-ftp.html,2017,27667,https://www.census.gov/programs-surveys/acs/data/data-via-ftp.html,2017,7833,https://www.census.gov/programs-surveys/acs/data/data-via-ftp.html,,,
zip/11430,11430,2017,45.5,https://www.census.gov/programs-surveys/acs/data/data-via-ftp.html,2017,8315,https://www.census.gov/programs-surveys/acs/data/data-via-ftp.html,2017,183,https://www.census.gov/programs-surveys/acs/data/data-via-ftp.html,2017,0,https://www.census.gov/programs-surveys/acs/data/data-via-ftp.html,,,
zip/11432,11432,2017,35.1,https://www.census.gov/programs-surveys/acs/data/data-via-ftp.html,2017,23704,https://www.census.gov/programs-surveys/acs/data/data-via-ftp.html,2017,65098,https://www.census.gov/programs-surveys/acs/data/data-via-ftp.html,2017,19948,https://www.census.gov/programs-surveys/acs/data/data-via-ftp.html,,,
zip/11433,11433,2017,34.4,https://www.census.gov/programs-surveys/acs/data/data-via-ftp.html,2017,24715,https://www.census.gov/programs-surveys/acs/data/data-via-ftp.html,2017,36019,https://www.census.gov/programs-surveys/acs/data/data-via-ftp.html,2017,11597,https://www.census.gov/programs-surveys/acs/data/data-via-ftp.html,,,
zip/11434,11434,2017,37.5,https://www.census.gov/programs-surveys/acs/data/data-via-ftp.html,2017,29556,https://www.census.gov/programs-surveys/acs/data/data-via-ftp.html,2017,66725,https://www.census.gov/programs-surveys/acs/data/data-via-ftp.html,2017,22077,https://www.census.gov/programs-surveys/acs/data/data-via-ftp.html,,,
zip/11435,11435,2017,35.4,https://www.census.gov/programs-surveys/acs/data/data-via-ftp.html,2017,26952,https://www.census.gov/programs-surveys/acs/data/data-via-ftp.html,2017,59214,https://www.census.gov/programs-surveys/acs/data/data-via-ftp.html,2017,19719,https://www.census.gov/programs-surveys/acs/data/data-via-ftp.html,,,
zip/11436,11436,2017,35.9,https://www.census.gov/programs-surveys/acs/data/data-via-ftp.html,2017,29644,https://www.census.gov/programs-surveys/acs/data/data-via-ftp.html,2017,20905,https://www.census.gov/programs-surveys/acs/data/data-via-ftp.html,2017,6099,https://www.census.gov/programs-surveys/acs/data/data-via-ftp.html,,,
zip/11451,11451,,,,,,,2017,0,https://www.census.gov/programs-surveys/acs/data/data-via-ftp.html,2017,0,https://www.census.gov/programs-surveys/acs/data/data-via-ftp.html,,,
zip/11691,11691,2017,31.9,https://www.census.gov/programs-surveys/acs/data/data-via-ftp.html,2017,22967,https://www.census.gov/programs-surveys/acs/data/data-via-ftp.html,2017,65356,https://www.census.gov/programs-surveys/acs/data/data-via-ftp.html,2017,21988,https://www.census.gov/programs-surveys/acs/data/data-via-ftp.html,,,
zip/11692,11692,2017,33.9,https://www.census.gov/programs-surveys/acs/data/data-via-ftp.html,2017,25041,https://www.census.gov/programs-surveys/acs/data/data-via-ftp.html,2017,20242,https://www.census.gov/programs-surveys/acs/data/data-via-ftp.html,2017,7231,https://www.census.gov/programs-surveys/acs/data/data-via-ftp.html,,,
zip/11693,11693,2017,38.5,https://www.census.gov/programs-surveys/acs/data/data-via-ftp.html,2017,31428,https://www.census.gov/programs-surveys/acs/data/data-via-ftp.html,2017,12709,https://www.census.gov/programs-surveys/acs/data/data-via-ftp.html,2017,5312,https://www.census.gov/programs-surveys/acs/data/data-via-ftp.html,,,
zip/11694,11694,2017,49,https://www.census.gov/programs-surveys/acs/data/data-via-ftp.html,2017,38978,https://www.census.gov/programs-surveys/acs/data/data-via-ftp.html,2017,21003,https://www.census.gov/programs-surveys/acs/data/data-via-ftp.html,2017,9417,https://www.census.gov/programs-surveys/acs/data/data-via-ftp.html,,,
zip/11697,11697,2017,49.1,https://www.census.gov/programs-surveys/acs/data/data-via-ftp.html,2017,42183,https://www.census.gov/programs-surveys/acs/data/data-via-ftp.html,2017,3702,https://www.census.gov/programs-surveys/acs/data/data-via-ftp.html,2017,2400,https://www.census.gov/programs-surveys/acs/data/data-via-ftp.html,,,
